rfcCliente,nomCli,apPaCli,apMaCli,razonSocialCli,telefonoCli,emailCli,cpC,calleC,cdC,coloniaC,numC
MOOA940615HXX,Amelia,Montanez,Orellana,Amelia Montanez Orellana,7089597717,patriciavarela@gmail.com,49789,Calzada Norte Figueroa,San Asuncion de la Montana,los altos,1
CASK900324HXX,Karla,Casas,Santillan,Karla Casas Santillan,3948685060,alonsoferrer@gmail.com,19661,Periferico El Salvador,Vieja Bosnia y Herzegovina,de la Montana,2
SECB850626HXX,Benito,Serna,Cedillo,Benito Serna Cedillo,2089961939,zzaragoza@laboratorios.com,30373,Pasaje Myanmar,Vieja Sudafrica,los bajos,3
MELJ040205HXX,Julio Cesar,Mendez,Luevano,Julio Cesar Mendez Luevano,6433234959,salgadojose-eduardo@godinez-chacon.biz,7428,Calle Chihuahua,San Indira los altos,los altos,4
MUEA580108HXX,Antonio,Murillo,Espinosa,Antonio Murillo Espinosa,628686044,zochoa@gmail.com,71428,Retorno Nigeria,San Cristal los altos,de la Montana,5
POJR941029HXX,Renato,Portillo,Jaimes,Renato Portillo Jaimes,5889070388,cottoclara@teran.com,79151,Ampliacion Villalpando,Vieja Gambia,los altos,6
HIVR980512HXX,Rocio,Hinojosa,Valenzuela,Rocio Hinojosa Valenzuela,4796083872,evacasas@hotmail.com,73032,Viaducto Comoras,Nueva Bulgaria,los bajos,7
JIRB830904HXX,Barbara,Jiminez,Rocha,Barbara Jiminez Rocha,50999983,targuello@gmail.com,70554,Diagonal Sur Lucio,Nueva Bolivia,los altos,8
GUSC581122HXX,Claudio,Gutierrez,Solorzano,Claudio Gutierrez Solorzano,8735356134,adalberto46@hotmail.com,59863,Boulevard Tlaxcala,San Eva los altos,los bajos,9
BRNH540405HXX,Hilda,Bravo,Nazario,Hilda Bravo Nazario,885265507,olveratrinidad@yahoo.com,48967,Callejon Albania,San Bernabe los bajos,los altos,10
FARF040417HXX,Francisco,Fajardo,Rubio,Francisco Fajardo Rubio,5967319478,noelia62@hotmail.com,42035,Continuacion Hidalgo,San Lilia de la Montana,los altos,11
HAMC960312HXX,Carlota,Haro,Muniz,Carlota Haro Muniz,8663771157,rdelgadillo@yahoo.com,66591,Ampliacion Sosa,San Vanesa los bajos,de la Montana,12
CAPL480417HXX,Laura,Caldera,Perez,Laura Caldera Perez,9511224812,hermelindaleiva@hotmail.com,85020,Continuacion Miranda,San Elvia de la Montana,los bajos,13
VARY620312HXX,Yolanda,Vazquez,Riojas,Yolanda Vazquez Riojas,6852240027,apabon@acuna-carbajal.com,48184,Boulevard Tovar,San Anel de la Montana,de la Montana,14
RADD550903HXX,Daniel,Rael,de Jesus,Daniel Rael de Jesus,249931009,daniela79@gmail.com,1141,Pasaje Sri Lanka,San Eduardo los bajos,los altos,15
VIPA850524HXX,Abril,Villalpando,Perez,Abril Villalpando Perez,2836637543,javier85@robles.com,23750,Peatonal Nuevo Leon,Nueva Brunei Darussalam,los bajos,16
ECFN991214HXX,Noemi,Echeverria,Fajardo,Noemi Echeverria Fajardo,8933018881,pedro20@yahoo.com,77503,Avenida Uganda,San Sessa los bajos,de la Montana,17
POAA810614HXX,Arcelia,Porras,Altamirano,Arcelia Porras Altamirano,9821243927,abelardo39@yahoo.com,78410,Viaducto Sur Leyva,San Karla los altos,de la Montana,18
PULS900321HXX,Soledad,Puga,Lomeli,Soledad Puga Lomeli,8948558177,leonorprado@yahoo.com,78546,Pasaje Norte Marin,Nueva Islandia,de la Montana,19
ALMJ550105HXX,Jose Manuel,Alva,Mireles,Jose Manuel Alva Mireles,5166363675,xbarrientos@diaz-zayas.com,20866,Circunvalacion Libia,San Hugo los altos,de la Montana,20
ROCC050508HXX,Cristobal,Roque,Cotto,Cristobal Roque Cotto,6800666674,rojasguillermina@corporacin.com,71043,Avenida Norte Arevalo,Nueva Kirguistan,de la Montana,21
MABG440623HXX,Guadalupe,Mares,Baeza,Guadalupe Mares Baeza,6432246276,cortesrosario@club.com,82111,Calzada Camarillo,San Magdalena de la Montana,de la Montana,22
RASM931116HXX,Mario,Ramirez,Sanchez,Mario Ramirez Sanchez,5532092543,chavarriajose-emilio@segura.net,83165,Privada Sonora,San Fabiola los altos,los altos,23
COZA711218HXX,Aurora,Corral,Zedillo,Aurora Corral Zedillo,9349143314,jesus85@gmail.com,2432,Boulevard Nigeria,San Yeni de la Montana,los bajos,24
CHAF560211HXX,Francisca,Chavez,Arevalo,Francisca Chavez Arevalo,2931357155,elvira18@yahoo.com,45319,Corredor Liechtenstein,Vieja Libano,los altos,25
APMJ600226HXX,Jonas,Aparicio,Meraz,Jonas Aparicio Meraz,2981693552,perezomar@yahoo.com,40415,Ampliacion Norte Gaytan,Vieja Kirguistan,los altos,26
CADT780331HXX,Tania,Carrera,de la Torre,Tania Carrera de la Torre,6559664108,pantojagonzalo@holguin.com,52639,Andador Somalia,Vieja Reino Unido de Gran Bretana e Irlanda del Norte,los altos,27
VIMM000501HXX,Maria del Carmen,Villasenor,Mesa,Maria del Carmen Villasenor Mesa,7433372603,camilo06@yahoo.com,73690,Retorno Zambia,San Liliana los bajos,de la Montana,28
POOC740829HXX,Cristian,Portillo,Olivarez,Cristian Portillo Olivarez,9102790496,andrea29@madera.com,24264,Continuacion Norte Salas,San Carla los bajos,los altos,29
HIHI930704HXX,Ignacio,Hinojosa,Hernadez,Ignacio Hinojosa Hernadez,3878016655,gzuniga@gmail.com,88364,Circuito Alvarez,Vieja Tailandia,los bajos,30
MOUO760701HXX,Oswaldo,Montez,Ulloa,Oswaldo Montez Ulloa,302442038,lveliz@hotmail.com,95346,Cerrada Calderon,Vieja Serbia,de la Montana,31
MAQM021205HXX,Miriam,Mata,Quinonez,Miriam Mata Quinonez,9442218659,fhernadez@sosa-garrido.com,84689,Calle Barbados,San Eloisa de la Montana,de la Montana,32
ROBM830608HXX,Minerva,Rodriguez,Bernal,Minerva Rodriguez Bernal,9224540522,soledadrobledo@industrias.com,27505,Circunvalacion San Luis Potosi,Nueva Sudan del Sur,los bajos,33
PAGL500811HXX,Leticia,Palacios,Gallegos,Leticia Palacios Gallegos,7468536657,mercedes67@yahoo.com,63634,Calle Rivero,San Jos los bajos,los bajos,34
GUCJ751012HXX,Jacobo,Guillen,Curiel,Jacobo Guillen Curiel,3790212186,estefania72@teran-villa.org,52152,Continuacion Norte Marin,San Abel de la Montana,los altos,35
MAEV551213HXX,Violeta,Madrid,Escobar,Violeta Madrid Escobar,6592607563,fguajardo@laboratorios.com,77220,Circunvalacion Bonilla,Nueva Zambia,los bajos,36
DETK750313HXX,Karina,de Leon,Tamez,Karina de Leon Tamez,9083954604,socorro26@yahoo.com,21385,Avenida Norte Sevilla,San Hermelinda los bajos,de la Montana,37
MODC780522HXX,Clara,Montes,del Rio,Clara Montes del Rio,7385991131,andrescastillo@puente.com,52339,Peatonal Queretaro,San Natalia los altos,los bajos,38
ALDG621117HXX,Gustavo,Almanza,Duenas,Gustavo Almanza Duenas,2006961581,marreromarcos@despacho.net,65953,Peatonal Cintron,Nueva Republica de Corea,de la Montana,39
CABC660401HXX,Citlali,Carmona,Baca,Citlali Carmona Baca,8364572343,andreaarriaga@gmail.com,56895,Calzada Norte Arenas,Nueva Mexico,los altos,40
PECA970301HXX,Adalberto,Pedroza,Corrales,Adalberto Pedroza Corrales,9839184625,velizteresa@proyectos.com,58675,Diagonal Queretaro,San Gilberto los altos,de la Montana,41
ROLE711031HXX,Ernesto,Robles,Lugo,Ernesto Robles Lugo,8108011723,diegoromero@gmail.com,93148,Prolongacion Dominicana,San Carlos los bajos,de la Montana,42
ENCM011022HXX,Manuel,Enriquez,Carrion,Manuel Enriquez Carrion,2864194326,bustamantebarbara@grupo.com,11672,Retorno Republica Democratica del Congo,San Salvador los bajos,de la Montana,43
PECC950516HXX,Clara,Peralta,Cadena,Clara Peralta Cadena,5999959783,diegojaquez@proyectos.com,16003,Eje vial Michoacan de Ocampo,San Luis los altos,de la Montana,44
BARI851009HXX,Isaac,Barraza,Rosario,Isaac Barraza Rosario,3952121648,felipe60@yahoo.com,21847,Pasaje Coahuila de Zaragoza,San Georgina los bajos,los bajos,45
PAAA990613HXX,Alicia,Palacios,Alva,Alicia Palacios Alva,7313206344,cejahelena@yahoo.com,92770,Circunvalacion Dominguez,Nueva Malawi,los altos,46
TECM060220HXX,Maria Cristina,Tellez,Chavarria,Maria Cristina Tellez Chavarria,8905403970,cesar85@hotmail.com,11313,Viaducto Sur Amaya,San Isaac los bajos,los bajos,47
HEQR060324HXX,Rosa,Hernadez,Quintero,Rosa Hernadez Quintero,6516195789,marisela63@alejandro.org,53954,Corredor Ochoa,Vieja Gabon,los altos,48
DEPS460413HXX,Silvia,de la Fuente,Palomino,Silvia de la Fuente Palomino,2508485455,juliopatino@bermudez-vargas.com,35789,Callejon Crespo,Vieja Gambia,de la Montana,49
BASO490520HXX,Omar,Ballesteros,Salcido,Omar Ballesteros Salcido,3229709215,villegaselena@club.com,25809,Viaducto Oaxaca,Vieja Andorra,los altos,50
MOBL661007HXX,Liliana,Moreno,Batista,Liliana Moreno Batista,8140459617,benito49@gmail.com,960,Circunvalacion Sur del Rio,San Pablo de la Montana,los altos,51
ARBA530123HXX,Adela,Armas,Bustos,Adela Armas Bustos,1264595616,lzamora@hotmail.com,81006,Circunvalacion Sur Olivares,Vieja Seychelles,los bajos,52
FESN990816HXX,Norma,Fernandez,Serrano,Norma Fernandez Serrano,1052772109,zoeapodaca@yahoo.com,80357,Calzada Casares,San Irene los bajos,los altos,53
CODH830815HXX,Hilda,Colon,Duenas,Hilda Colon Duenas,4368126233,anabel61@hotmail.com,26366,Andador Mexico,Vieja Niger,de la Montana,54
BETR511214HXX,Reina,Berrios,Toledo,Reina Berrios Toledo,6823346749,hernanamaya@carrera-ceja.net,86405,Andador Palau,Vieja Suiza,los altos,55
PEBG950714HXX,Genaro,Pena,Balderas,Genaro Pena Balderas,7641338038,elisa51@club.com,54353,Calzada Ecuador,San Carlos los altos,los bajos,56
DEMW051121HXX,Wendolin,de la Garza,Montemayor,Wendolin de la Garza Montemayor,1473689773,tejedayolanda@gmail.com,14384,Callejon Durango,Vieja Vanuatu,los altos,57
DERG050810HXX,Guadalupe,Delgado,Ruelas,Guadalupe Delgado Ruelas,1999980907,pablovera@hotmail.com,17356,Continuacion Chiapas,Vieja Serbia,los bajos,58
CEBN960703HXX,Natividad,Ceballos,Barajas,Natividad Ceballos Barajas,6815279280,urosario@hotmail.com,72406,Boulevard Orta,Vieja Serbia,de la Montana,59
VELL810323HXX,Luz,Vergara,Lucero,Luz Vergara Lucero,7858736594,paezliliana@gaytan-guillen.com,89245,Periferico Sur Preciado,Nueva Israel,de la Montana,60
ALMV540804HXX,Victoria,Alonzo,Mesa,Victoria Alonzo Mesa,2554658511,samuel31@romero-solorzano.org,45913,Cerrada Queretaro,San Andres los bajos,de la Montana,61
CAQA920818HXX,Alfonso,Calderon,Quinones,Alfonso Calderon Quinones,3535183404,florencia70@yahoo.com,35556,Diagonal Baja California,Vieja Arabia Saudita,los bajos,62
CACC471106HXX,Claudio,Caballero,Castillo,Claudio Caballero Castillo,5592479945,vanesanajera@gmail.com,36540,Pasaje Laureano,San Ernesto de la Montana,los altos,63
ALCM030412HXX,Maria Cristina,Alba,Cotto,Maria Cristina Alba Cotto,6767387622,reinaarroyo@negron-ayala.com,74495,Viaducto Zacatecas,Nueva Canada,los altos,64
GOCE531214HXX,Ernesto,Gomez,Calvillo,Ernesto Gomez Calvillo,295175469,zapatarafael@villanueva-puente.info,60985,Privada Nuevo Leon,San Rosario los altos,de la Montana,65
VAVM610325HXX,Maria Jose,Vasquez,Valverde,Maria Jose Vasquez Valverde,1869361366,porfirio41@yahoo.com,84771,Continuacion Sur Cardona,San Rolando de la Montana,los altos,66
VAAE450822HXX,Elsa,Vasquez,Adame,Elsa Vasquez Adame,4072178469,maria-teresa18@sanabria.com,84436,Ampliacion Nuevo Leon,Vieja Tonga,de la Montana,67
OLRC620330HXX,Cristian,Olmos,Reyes,Cristian Olmos Reyes,3362224550,sofia32@hotmail.com,74711,Continuacion San Luis Potosi,Vieja Suriname,los bajos,68
LIRD470531HXX,Delia,Linares,Rolon,Delia Linares Rolon,1374690984,genaro95@gmail.com,7925,Pasaje Cotto,Vieja ex Republica Yugoslava de Macedonia,de la Montana,69
AROT740909HXX,Tomas,Arreola,Olivares,Tomas Arreola Olivares,3666181402,melendezaldonza@hotmail.com,74327,Diagonal Valenzuela,Vieja Brunei Darussalam,de la Montana,70
ALHA730310HXX,Ana Luisa,Alarcon,Hinojosa,Ana Luisa Alarcon Hinojosa,3528228567,merinomauricio@hotmail.com,45308,Continuacion Sur Soria,Nueva Republica de Corea,de la Montana,71
TIMA540801HXX,Alta  Gracia,Tijerina,Marroquin,Alta  Gracia Tijerina Marroquin,7816005746,ftoledo@duenas.com,54543,Ampliacion Sur Camarillo,Vieja Republica de Moldova,de la Montana,72
ARTA550619HXX,Aida,Arguello,Tejeda,Aida Arguello Tejeda,6402523341,chavezcornelio@club.com,59039,Prolongacion Nevarez,San Andres los bajos,de la Montana,73
VEHJ981028HXX,Jorge Luis,Velasco,Hernadez,Jorge Luis Velasco Hernadez,400126521,ofeliaescalante@proyectos.com,92547,Pasaje Guerrero,San Lourdes los bajos,de la Montana,74
COHI020816HXX,Ilse,Cornejo,Huerta,Ilse Cornejo Huerta,8487220666,marisol15@jasso-mora.com,33297,Corredor Chacon,Vieja Luxemburgo,los altos,75
AVOB640202HXX,Barbara,Avila,Oquendo,Barbara Avila Oquendo,9818594526,tacosta@club.org,66042,Callejon Norte Gil,Vieja Angola,los bajos,76
ROMH781220HXX,Humberto,Rosado,Montero,Humberto Rosado Montero,5527701782,raquel07@corporacin.com,96303,Calle Libano,San Jorge Luis los altos,los bajos,77
CEAS950122HXX,Sara,Cervantez,Angulo,Sara Cervantez Angulo,9131391364,tmontano@gmail.com,74693,Andador Norte Fierro,San Luz de la Montana,los bajos,78
CUCG950917HXX,Genaro,Curiel,Corona,Genaro Curiel Corona,4423396992,catalina25@proyectos.com,12494,Callejon Campeche,San Renato los bajos,de la Montana,79
HUML921211HXX,Liliana,Hurtado,Mesa,Liliana Hurtado Mesa,5875993043,vacaporfirio@gmail.com,56975,Boulevard Maldivas,San Yeni de la Montana,los altos,80
TRMF041025HXX,Fidel,Trejo,Montanez,Fidel Trejo Montanez,535500300,aguirrecarmen@nava.com,81198,Calle Sur Botello,Vieja Eslovaquia,los bajos,81
CAPR580630HXX,Rebeca,Carrillo,Patino,Rebeca Carrillo Patino,2389006659,candelariacitlali@yahoo.com,23663,Ampliacion Papua Nueva Guinea,San Lourdes los altos,de la Montana,82
CANN020417HXX,Nancy,Canales,Naranjo,Nancy Canales Naranjo,2251929311,nancy37@hotmail.com,90914,Viaducto Sur Archuleta,Vieja Islandia,de la Montana,83
LECS601006HXX,Silvia,Leyva,Calvillo,Silvia Leyva Calvillo,2109674240,calderonjulio-cesar@yahoo.com,53232,Prolongacion Ayala,San Mateo los altos,los altos,84
PIGE590313HXX,Eugenio,Pineda,Gutierrez,Eugenio Pineda Gutierrez,6903557341,delia41@raya.info,73729,Circuito Norte de la Fuente,Vieja Burkina Faso,de la Montana,85
MOVS630320HXX,Sandra,Montano,Valles,Sandra Montano Valles,8383646088,marisela36@corporacin.com,6098,Pasaje Queretaro,Vieja Bulgaria,los bajos,86
ARMG470603HXX,Gerardo,Armas,Mojica,Gerardo Armas Mojica,5306782529,ursula19@sotelo.com,39964,Boulevard Duran,Nueva Republica Centroafricana,de la Montana,87
ROZE060801HXX,Esther,Rosas,Zedillo,Esther Rosas Zedillo,5946322817,dflores@hotmail.com,13267,Eje vial Swazilandia,San Lucia los bajos,los altos,88
ULAE811227HXX,Elisa,Ulloa,Arce,Elisa Ulloa Arce,24714576,miguelvega@gmail.com,46977,Continuacion Sur Barela,San Oswaldo los altos,de la Montana,89
MAGJ030207HXX,Jacinto,Maestas,Grijalva,Jacinto Maestas Grijalva,4429839239,guillermo65@hotmail.com,31443,Continuacion Eslovenia,San Marisol de la Montana,los bajos,90
NAOO030219HXX,Octavio,Nava,Orosco,Octavio Nava Orosco,3713051389,rquinonez@de.net,40663,Eje vial Norte Ponce,San Alfredo los bajos,los bajos,91
VEVV450512HXX,Virginia,Vega,Villanueva,Virginia Vega Villanueva,6716811966,coronasergio@grupo.com,73142,Ampliacion Quintanilla,San Hermelinda los altos,los altos,92
OLRA990509HXX,Alejandra,Olivarez,Robledo,Alejandra Olivarez Robledo,7326134956,de-la-fuenteursula@solorio.com,50783,Diagonal Campeche,San Maria del Carmen los bajos,de la Montana,93
CATE790629HXX,Esmeralda,Carmona,Torres,Esmeralda Carmona Torres,8470927515,soledadvaldivia@medina.org,54199,Boulevard Mongolia,Vieja Japon,los bajos,94
DEAM921202HXX,Manuel,Delgadillo,Archuleta,Manuel Delgadillo Archuleta,8710611075,luis-manuelfarias@industrias.com,9547,Circuito Queretaro,San Catalina de la Montana,los altos,95
TECM000609HXX,Marcos,Teran,Carrera,Marcos Teran Carrera,6815468791,danielmireles@gamboa.com,48081,Avenida Sur Resendez,Vieja Venezuela,de la Montana,96
VAAL671027HXX,Lucas,Valentin,Aponte,Lucas Valentin Aponte,3195385748,guillermina21@hotmail.com,85938,Calle Sur Estrada,San Pilar de la Montana,los bajos,97
SENA910913HXX,Anabel,Serna,Navarro,Anabel Serna Navarro,6606894829,cceja@gmail.com,37400,Boulevard Kenya,San Esther los bajos,los bajos,98
MOVM541216HXX,Monica,Moreno,Vallejo,Monica Moreno Vallejo,37291883,esmeralda06@leiva.net,99907,Calzada Guatemala,Nueva Micronesia,de la Montana,99
BEGA710504HXX,Alvaro,Berrios,Gomez,Alvaro Berrios Gomez,8961223752,jamaya@hotmail.com,40934,Avenida Veracruz de Ignacio de la Llave,San Esparta los altos,los altos,100
